cdx2,tfap2c,tead4,yap1,gata3,sequence,motif,row,frequency
37.546546936035156,14.948970794677734,27.33492088317871,15.605226516723633,15.092885971069336,ACATTCCAG,Tead4,0,4318
37.28034591674805,15.290464401245117,25.356853485107422,15.140606880187988,15.000001907348633,ACATTCCGG,Tead4,9,383
35.401920318603516,12.276126861572266,24.765113830566406,15.076995849609375,14.512646675109863,GCATTCCAG,Tead4,2,2414
41.32792663574219,20.461177825927734,24.392398834228516,15.336097717285156,16.078006744384766,ACATTCCAA,Tead4,5,1437
39.699806213378906,14.661075592041016,24.290409088134766,14.963652610778809,14.860066413879395,ACATTCCTG,Tead4,1,2891
38.170570373535156,12.187399864196777,24.079044342041016,14.778175354003906,16.08176040649414,GCATTCCTG,Tead4,4,1932
36.79461669921875,12.951484680175781,23.82236099243164,14.917874336242676,14.87218189239502,AAATTCCAG,Tead4,3,2231
36.05949020385742,13.772624969482422,23.729616165161133,14.674341201782227,15.861865997314453,GCATTCCGG,Tead4,11,287
40.037010192871094,16.559415817260742,22.891864776611328,14.880056381225586,15.146273612976074,ACATTCCAT,Tead4,8,727
36.82349395751953,16.646453857421875,21.590961456298828,14.272659301757812,14.911690711975098,GCATTCCCG,Tead4,14,209
36.7801628112793,14.357372283935547,21.066349029541016,14.199604988098145,15.556264877319336,ACATTCCCG,Tead4,12,277
36.02799987792969,12.901952743530273,20.426895141601562,13.804274559020996,16.350961685180664,ACATTCCAC,Tead4,7,1013
38.69718933105469,13.46499252319336,19.00153350830078,13.788761138916016,15.739141464233398,AGATTCCAG,Tead4,6,1100
37.12248229980469,13.607824325561523,18.460960388183594,13.76293659210205,16.17367172241211,TCATTCCGG,Tead4,19,3
38.73284912109375,16.739410400390625,17.692989349365234,13.63815689086914,15.94948959350586,CCATTCCGG,Tead4,17,6
38.65798568725586,16.53447914123535,17.61183738708496,13.45677661895752,16.162620544433594,TCATTCCCG,Tead4,18,4
38.73590850830078,14.610713005065918,17.16219711303711,13.227096557617188,16.39336395263672,TCATTCCTG,Tead4,15,168
35.397396087646484,13.980424880981445,16.7458553314209,12.872304916381836,15.70860481262207,TCATTCCAG,Tead4,10,298
37.793479919433594,16.264179229736328,16.32232093811035,13.291902542114258,15.589180946350098,CCATTCCCG,Tead4,20,3
33.76239013671875,13.957992553710938,15.78647232055664,12.415142059326172,15.073166847229004,CCATTCCAG,Tead4,13,212
32.814414978027344,13.184656143188477,15.436969757080078,12.170178413391113,15.165533065795898,CCATTCCTG,Tead4,16,87
