>CWGGMATKCCWGGAATGY	2-CWGGMATKCCWGGAATGY	8.788605	-1167.896572	0	T:441.0(44.10%),B:719.4(1.54%),P:1e-507
0.165	0.422	0.264	0.148
0.439	0.099	0.155	0.307
0.297	0.102	0.518	0.083
0.280	0.119	0.552	0.049
0.442	0.356	0.063	0.139
0.812	0.076	0.056	0.056
0.001	0.046	0.059	0.894
0.001	0.171	0.392	0.435
0.046	0.650	0.053	0.251
0.099	0.564	0.129	0.208
0.469	0.043	0.109	0.380
0.266	0.001	0.732	0.001
0.105	0.112	0.782	0.001
0.620	0.218	0.066	0.096
0.935	0.036	0.026	0.003
0.003	0.036	0.007	0.954
0.007	0.053	0.557	0.383
0.036	0.488	0.053	0.422
